[
  {
    "vin": "W1K6G8CB1KA123456",
    "year": 2019,
    "make": "Mercedes-Benz",
    "model": "C-Class",
    "trim": "C63 S",
    "price": 57999,
    "mileage": 21000,
    "url": "https://example.com/1",
    "seller": "Example Dealer",
    "seller_type": "dealer",
    "location": "Chicago, IL",
    "lat": 41.8781,
    "lon": -87.6298
  },
  {
    "vin": "5UXCR6C5XL9A65432",
    "year": 2021,
    "make": "BMW",
    "model": "X5",
    "trim": "M50i",
    "price": 49999,
    "mileage": 26000,
    "url": "https://example.com/2",
    "seller": "Another Dealer",
    "seller_type": "dealer",
    "location": "Cleveland, OH",
    "lat": 41.4993,
    "lon": -81.6944
  },
  {
    "vin": "WDDGF4HB8EA000001",
    "year": 2020,
    "make": "Mercedes-Benz",
    "model": "C-Class",
    "trim": "",
    "price": 29900,
    "mileage": 32000,
    "url": "https://example.com/3",
    "seller": "Third Dealer",
    "seller_type": "dealer",
    "location": "Pittsburgh, PA",
    "lat": 40.4406,
    "lon": -79.9959
  }
]